{"cameraMode":{"drawMode":0,"name":"Shaded","section":"Shading Mode"},"sceneLighting":true,"audioPlay":false,"sceneViewState":{"m_AlwaysRefresh":false,"showFog":true,"showSkybox":true,"showFlares":true,"showImageEffects":true,"showParticleSystems":true,"showVisualEffectGraphs":true,"m_FxEnabled":true},"in2DMode":false,"pivot":{"x":-3.3047561645507814,"y":1.558279037475586,"z":2.9858341217041017},"rotation":{"x":-0.09149669110774994,"y":0.8617828488349915,"z":-0.16780297458171845,"w":-0.4698985517024994},"size":11.419538497924805,"orthographic":false}